,Price
0,1035000.0
1,1465000.0
2,1600000.0
3,1876000.0
4,1636000.0
5,1097000.0
6,1350000.0
7,750000.0
8,1310000.0
9,1200000.0
10,1176500.0
11,890000.0
12,1330000.0
13,500000.0
14,1100000.0
15,1315000.0
16,1447500.0
17,1135000.0
18,1290000.0
19,470000.0
20,1180000.0
21,1195000.0
22,1012500.0
23,1030000.0
24,840000.0
25,730000.0
26,770000.0
27,603000.0
28,700000.0
29,600000.0
30,500000.0
31,725000.0
32,450000.0
33,515000.0
34,530000.0
35,895000.0
36,805000.0
37,752000.0
38,700000.0
39,830000.0
40,675000.0
41,1042000.0
42,773000.0
43,810000.0
44,715000.0
45,540000.0
46,825000.0
47,685000.0
48,900000.0
49,1275000.0
50,2850000.0
51,1850000.0
52,1436000.0
53,2300000.0
54,1800000.0
55,2120000.0
56,1800000.0
57,2615000.0
58,1370000.0
59,1322500.0
60,1562500.0
61,2000000.0
62,3010000.0
63,2800000.0
64,2100000.0
65,2000000.0
66,442500.0
67,4735000.0
68,2140000.0
69,980000.0
70,1740000.0
71,985000.0
72,2000000.0
73,1717500.0
74,2840000.0
75,525500.0
76,805000.0
77,1830000.0
78,2100000.0
79,865000.0
80,390000.0
81,512000.0
82,1900000.0
83,1950000.0
84,520000.0
85,1525000.0
86,720000.0
87,1120000.0
88,1780000.0
89,630000.0
90,660000.0
91,580000.0
92,1335000.0
93,510000.0
94,425000.0
95,391000.0
96,845000.0
97,730000.0
98,447000.0
99,678000.0
100,580000.0
101,840000.0
102,577000.0
103,857000.0
104,730000.0
105,535600.0
106,1085000.0
107,781000.0
108,421000.0
109,683000.0
110,720000.0
111,588000.0
112,710000.0
113,875000.0
114,675000.0
115,708000.0
116,693000.0
117,620000.0
118,728500.0
119,931000.0
120,815000.0
121,1200000.0
122,292000.0
123,599000.0
124,995000.0
125,1205000.0
126,1939000.0
127,1870000.0
128,1918000.0
129,2050000.0
130,735000.0
131,1435000.0
132,280000.0
133,592500.0
134,1210000.0
135,2801000.0
136,1800000.0
137,2200000.0
138,5525000.0
139,440000.0
140,1300000.0
141,704000.0
142,620000.0
143,1900000.0
144,710000.0
145,598000.0
146,1285000.0
147,520000.0
148,3625000.0
149,4200000.0
150,1101000.0
151,3512500.0
152,869000.0
153,567000.0
154,940000.0
155,467000.0
156,1380000.0
157,490000.0
158,1850000.0
159,971000.0
160,710000.0
161,2425000.0
162,750000.0
163,1053000.0
164,1377000.0
165,970000.0
166,751000.0
167,950000.0
168,685000.0
169,1230000.0
170,770000.0
171,890000.0
172,1440000.0
173,1000000.0
174,1435000.0
175,390000.0
176,1425000.0
177,1340000.0
178,955000.0
179,1100000.0
180,432000.0
181,1640000.0
182,1430000.0
183,610000.0
184,940000.0
185,890000.0
186,1180000.0
187,1480000.0
188,865000.0
189,442000.0
190,1037500.0
191,1050000.0
192,440000.0
193,1430000.0
194,1130000.0
195,1135000.0
196,950000.0
197,390000.0
198,1345000.0
199,1381500.0
200,940000.0
201,995000.0
202,786000.0
203,705000.0
204,760000.0
205,1000000.0
206,1305000.0
207,1215000.0
208,545000.0
209,1705000.0
210,2650000.0
211,1670000.0
212,2050000.0
213,1555000.0
214,1100000.0
215,1337000.0
216,2950000.0
217,1518000.0
218,1710000.0
219,1655000.0
220,1550000.0
221,1662000.0
222,1665000.0
223,3510000.0
224,900000.0
225,2752000.0
226,1500000.0
227,1800000.0
228,1830000.0
229,1415000.0
230,1440000.0
231,1250000.0
232,1600000.0
233,1860000.0
234,1790000.0
235,1950000.0
236,1650000.0
237,1200000.0
238,1075000.0
239,1500000.0
240,700000.0
241,761000.0
242,1365000.0
243,1100000.0
244,690000.0
245,1631000.0
246,1500000.0
247,1529500.0
248,600000.0
249,1240000.0
250,700000.0
251,1110000.0
252,1305000.0
253,855000.0
254,900500.0
255,1200000.0
256,830000.0
257,850000.0
258,750000.0
259,851000.0
260,1155000.0
261,680000.0
262,627500.0
263,950000.0
264,705000.0
265,1100000.0
266,892500.0
267,522500.0
268,680000.0
269,875000.0
270,762000.0
271,411000.0
272,805000.0
273,634000.0
274,1819000.0
275,410000.0
276,1015000.0
277,502500.0
278,520000.0
279,442000.0
280,1193000.0
281,416000.0
282,474000.0
283,981000.0
284,1690000.0
285,540000.0
286,2100000.0
287,1800000.0
288,1255000.0
289,1070000.0
290,2570000.0
291,2400000.0
292,806000.0
293,4000000.0
294,2250000.0
295,2800000.0
296,1850000.0
297,700000.0
298,500000.0
299,2125000.0
300,1800000.0
301,635000.0
302,526000.0
303,905000.0
304,1750000.0
305,760000.0
306,1367000.0
307,1400000.0
308,3270000.0
309,625000.0
310,2730000.0
311,460000.0
312,1053000.0
313,1472000.0
314,754000.0
315,2188000.0
316,755000.0
317,3290000.0
318,2410000.0
319,650000.0
320,2000000.0
321,1900000.0
322,3401000.0
323,1750000.0
324,3020000.0
325,2450000.0
326,730000.0
327,1500000.0
328,1700000.0
329,1315000.0
330,1500000.0
331,3230000.0
332,1905000.0
333,3300000.0
334,1900000.0
335,2251000.0
336,2205000.0
337,1265000.0
338,1750000.0
339,1450000.0
340,2614000.0
341,1825000.0
342,3250000.0
343,1150000.0
344,1572000.0
345,1750000.0
346,1850000.0
347,2130000.0
348,3690000.0
349,1740000.0
350,2575000.0
351,1388800.0
352,1800000.0
353,2910000.0
354,2200000.0
355,1700000.0
356,1230000.0
357,2600000.0
358,1950000.0
359,1750000.0
360,2000000.0
361,1480000.0
362,1818000.0
363,2525000.0
364,3360000.0
365,1903000.0
366,1720000.0
367,1675000.0
368,1680000.0
369,4000000.0
370,2205000.0
371,2100000.0
372,685000.0
373,1335000.0
374,1900000.0
375,1040000.0
376,1250000.0
377,1875000.0
378,1530000.0
379,1700000.0
380,1651000.0
381,1920000.0
382,1560000.0
383,1038000.0
384,1660000.0
385,1770000.0
386,691500.0
387,875000.0
388,1425000.0
389,851000.0
390,1222500.0
391,1317500.0
392,360000.0
393,1435000.0
394,1110000.0
395,2435000.0
396,1500000.0
397,1300000.0
398,1125000.0
399,1328000.0
400,1340000.0
401,1155000.0
402,1275000.0
403,855000.0
404,650000.0
405,1815000.0
406,2255000.0
407,855000.0
408,1860000.0
409,725000.0
410,1293000.0
411,1328000.0
412,1247000.0
413,1370000.0
414,1095000.0
415,725000.0
416,825000.0
417,1235000.0
418,1165000.0
419,1910000.0
420,820000.0
421,1430000.0
422,910000.0
423,2520000.0
424,1900000.0
425,670000.0
426,680000.0
427,1320000.0
428,1900000.0
429,1535000.0
430,1281000.0
431,1385000.0
432,2620000.0
433,825000.0
434,746000.0
435,1275000.0
436,1025000.0
437,495000.0
438,1220000.0
439,885000.0
440,830000.0
441,1210000.0
442,1160000.0
443,1215000.0
444,1200000.0
445,1050000.0
446,950000.0
447,380000.0
448,1338000.0
449,651000.0
450,1390000.0
451,1100000.0
452,1206000.0
453,486500.0
454,1415000.0
455,1185000.0
456,1060000.0
457,845000.0
458,860000.0
459,921000.0
460,742500.0
461,920000.0
462,702000.0
463,805000.0
464,1100000.0
465,1050000.0
466,722000.0
467,930000.0
468,921000.0
469,1035000.0
470,1352000.0
471,1005000.0
472,1600000.0
473,1200000.0
474,780000.0
475,1250000.0
476,1110000.0
477,1690000.0
478,791000.0
479,900000.0
480,970000.0
481,823000.0
482,1045000.0
483,655000.0
484,1550000.0
485,835000.0
486,1465000.0
487,910000.0
488,920000.0
489,935000.0
490,977000.0
491,1352000.0
492,1115000.0
493,1197000.0
494,485000.0
495,1365000.0
496,1698888.0
497,965000.0
498,870000.0
499,1161000.0
500,1266000.0
501,700000.0
502,1325000.0
503,770000.0
504,380000.0
505,1175000.0
506,1200000.0
507,1370000.0
508,1433500.0
509,860000.0
510,715000.0
511,710000.0
512,1550000.0
513,790000.0
514,1020000.0
515,886000.0
516,1015000.0
517,1255000.0
518,1320000.0
519,870000.0
520,1472500.0
521,640000.0
522,1620000.0
523,645000.0
524,1560000.0
525,1715000.0
526,1200000.0
527,1760000.0
528,948000.0
529,465000.0
530,975000.0
531,1325000.0
532,750000.0
533,1400000.0
534,1500000.0
535,1600000.0
536,1461400.0
537,775000.0
538,1670000.0
539,4000000.0
540,928000.0
541,636000.0
542,1170000.0
543,1670000.0
544,857000.0
545,822500.0
546,645000.0
547,502000.0
548,495000.0
549,868000.0
550,645000.0
551,652000.0
552,850000.0
553,575000.0
554,882000.0
555,730000.0
556,610000.0
557,696000.0
558,579000.0
559,765000.0
560,475000.0
561,550000.0
562,495000.0
563,565000.0
564,1635000.0
565,3695000.0
566,536000.0
567,3700000.0
568,1975000.0
569,1390000.0
570,2905000.0
571,1300000.0
572,1725000.0
573,2100000.0
574,800000.0
575,1761000.0
576,1302500.0
577,2750000.0
578,892500.0
579,2145000.0
580,3171000.0
581,620000.0
582,1475000.0
583,1650000.0
584,1562500.0
585,2050000.0
586,3320000.0
587,1100000.0
588,1650000.0
589,1570000.0
590,1785000.0
591,1875000.0
592,1266000.0
593,2730000.0
594,770000.0
595,900000.0
596,700000.0
597,816000.0
598,845000.0
599,772000.0
600,650000.0
601,757000.0
602,690000.0
603,583000.0
604,880000.0
605,580000.0
606,886000.0
607,920000.0
608,976000.0
609,1420000.0
610,900000.0
611,560000.0
612,1010000.0
613,835000.0
614,705000.0
615,680000.0
616,785000.0
617,695000.0
618,502000.0
619,770000.0
620,570000.0
621,830000.0
622,600000.0
623,825000.0
624,735000.0
625,875000.0
626,601200.0
627,680000.0
628,705000.0
629,710000.0
630,732000.0
631,715000.0
632,852000.0
633,1037000.0
634,1470000.0
635,492500.0
636,420000.0
637,420000.0
638,1271000.0
639,1010000.0
640,750000.0
641,905000.0
642,960000.0
643,1031000.0
644,870000.0
645,1165000.0
646,1710000.0
647,1455000.0
648,365000.0
649,442000.0
650,765000.0
651,515000.0
652,370000.0
653,1234500.0
654,666000.0
655,825000.0
656,812000.0
657,1900000.0
658,445000.0
659,732000.0
660,1260000.0
661,1000000.0
662,1155000.0
663,790000.0
664,700000.0
665,1230000.0
666,460000.0
667,395000.0
668,850000.0
669,868000.0
670,773000.0
671,631090.0
672,410000.0
673,425000.0
674,610000.0
675,882000.0
676,3550000.0
677,1326000.0
678,1950000.0
679,2550000.0
680,1878000.0
681,1910000.0
682,1410000.0
683,2310000.0
684,2315000.0
685,800000.0
686,4850000.0
687,6500000.0
688,580000.0
689,1905000.0
690,478000.0
691,672000.0
692,2286000.0
693,1575000.0
694,590000.0
695,2350000.0
696,1312000.0
697,890000.0
698,1331000.0
699,1800000.0
700,1476000.0
701,2590000.0
702,2625000.0
703,2265000.0
704,1975000.0
705,2550000.0
706,1330000.0
707,1450000.0
708,3650000.0
709,551000.0
710,2460000.0
711,2850000.0
712,2425000.0
713,610000.0
714,955000.0
715,707500.0
716,732000.0
717,2875000.0
718,1500000.0
719,1750000.0
720,1100000.0
721,1440000.0
722,2560000.0
723,2600000.0
724,3280000.0
725,620000.0
726,2600000.0
727,2800000.0
728,1420000.0
729,1800000.0
730,395000.0
731,2250000.0
732,1950000.0
733,605000.0
734,1920000.0
735,1615000.0
736,2081000.0
737,1315000.0
738,1750000.0
739,2100000.0
740,1300000.0
741,1315000.0
742,1620000.0
743,615000.0
744,715000.0
745,826000.0
746,275000.0
747,711000.0
748,695000.0
749,490000.0
750,502000.0
751,721000.0
752,840000.0
753,335000.0
754,832000.0
755,646000.0
756,673000.0
757,695000.0
758,349000.0
759,555000.0
760,352500.0
761,1350000.0
762,510000.0
763,490000.0
764,675000.0
765,865000.0
766,600000.0
767,773000.0
768,2050000.0
769,3460000.0
770,2400000.0
771,2025000.0
772,611000.0
773,3800000.0
774,1390000.0
775,2415000.0
776,566000.0
777,1437000.0
778,500000.0
779,3400000.0
780,2355000.0
781,4240000.0
782,1326000.0
783,4525000.0
784,1965000.0
785,3470000.0
786,740000.0
787,2325000.0
788,1970000.0
789,1475000.0
790,584000.0
791,1490000.0
792,1210000.0
793,2355000.0
794,1036000.0
795,2273000.0
796,2350000.0
797,2200000.0
798,790000.0
799,1185000.0
800,1837000.0
801,1253000.0
802,922000.0
803,4802500.0
804,350000.0
805,1555000.0
806,2123000.0
807,1700000.0
808,1150000.0
809,2001000.0
810,1915000.0
811,1135000.0
812,1240000.0
813,1120000.0
814,1500000.0
815,707500.0
816,835000.0
817,1870000.0
818,1580000.0
819,820000.0
820,480000.0
821,1680000.0
822,300000.0
823,1100000.0
824,373000.0
825,2560000.0
826,960000.0
827,315000.0
828,1297000.0
829,1015000.0
830,523000.0
831,1335000.0
832,425000.0
833,1670000.0
834,1350000.0
835,1650000.0
836,950000.0
837,1782500.0
838,650000.0
839,975000.0
840,560000.0
841,355000.0
842,550000.0
843,420000.0
844,399000.0
845,1105000.0
846,730000.0
847,662500.0
848,410000.0
849,920000.0
850,1320000.0
851,1150000.0
852,847000.0
853,400000.0
854,1072000.0
855,510000.0
856,865000.0
857,570000.0
858,1900000.0
859,429000.0
860,456000.0
861,566000.0
862,408000.0
863,470000.0
864,780000.0
865,440000.0
866,1048700.0
867,400000.0
868,1215000.0
869,1180000.0
870,1117000.0
871,420000.0
872,770000.0
873,1151000.0
874,907000.0
875,570000.0
876,820000.0
877,940000.0
878,1030000.0
879,1230000.0
880,884500.0
881,820000.0
882,780000.0
883,535000.0
884,450000.0
885,360000.0
886,665000.0
887,386000.0
888,659000.0
889,545000.0
890,450000.0
891,432000.0
892,750000.0
893,375000.0
894,680000.0
895,470000.0
896,483000.0
897,700000.0
898,520000.0
899,440000.0
900,733000.0
901,760000.0
902,360000.0
903,2600000.0
904,2350000.0
905,535000.0
906,700000.0
907,3120000.0
908,1025000.0
909,1920000.0
910,2623000.0
911,1500000.0
912,1630000.0
913,1910000.0
914,1320000.0
915,750000.0
916,2588000.0
917,1400000.0
918,2200000.0
919,1310000.0
920,2335000.0
921,1815000.0
922,725000.0
923,3900000.0
924,1200000.0
925,1564000.0
926,520000.0
927,670000.0
928,1055000.0
929,348000.0
930,1780000.0
931,1440000.0
932,1225000.0
933,1445000.0
934,990000.0
935,1550000.0
936,1170000.0
937,1120000.0
938,1530000.0
939,832000.0
940,420000.0
941,2400000.0
942,565000.0
943,550000.0
944,1211000.0
945,1630000.0
946,1160000.0
947,1361500.0
948,945000.0
949,360000.0
950,860000.0
951,1637000.0
952,1505000.0
953,515000.0
954,330000.0
955,1322000.0
956,1015000.0
957,840000.0
958,1900000.0
959,2340000.0
960,1400000.0
961,1640000.0
962,1480000.0
963,410000.0
964,980000.0
965,842500.0
966,1345000.0
967,265000.0
968,849000.0
969,1425000.0
970,1345000.0
971,330000.0
972,726000.0
973,1250000.0
974,870000.0
975,1725000.0
976,600000.0
977,1505000.0
978,850000.0
979,292000.0
980,1740000.0
981,470000.0
982,1130000.0
983,930000.0
984,336000.0
985,800000.0
986,1224000.0
987,1000000.0
988,380500.0
989,1090000.0
990,836000.0
991,1417250.0
992,950000.0
993,1140000.0
994,750000.0
995,1000000.0
996,1200000.0
997,987000.0
998,937000.0
999,1426000.0
1000,1016000.0
1001,901000.0
1002,1300000.0
1003,975000.0
1004,1070000.0
1005,639000.0
1006,605000.0
1007,960000.0
1008,725000.0
1009,800000.0
1010,917000.0
1011,890000.0
1012,1008000.0
1013,1191000.0
1014,776000.0
1015,1035000.0
1016,1160000.0
1017,240000.0
1018,1105000.0
1019,826000.0
1020,900000.0
1021,962000.0
1022,800000.0
1023,710000.0
1024,940000.0
1025,655800.0
1026,1082000.0
1027,1210000.0
1028,880000.0
1029,335000.0
1030,1260000.0
1031,1400000.0
1032,995000.0
1033,962000.0
1034,800000.0
1035,1305000.0
1036,810000.0
1037,1620000.0
1038,923000.0
1039,1030000.0
1040,1046000.0
1041,740000.0
1042,970000.0
1043,735000.0
1044,950000.0
1045,1280000.0
1046,1040000.0
1047,1115000.0
1048,1176000.0
1049,1265000.0
1050,801000.0
1051,770000.0
1052,993000.0
1053,650000.0
1054,891500.0
1055,805000.0
1056,680000.0
1057,793000.0
1058,747000.0
1059,896000.0
1060,890000.0
1061,930000.0
1062,1151000.0
1063,820000.0
1064,816000.0
1065,945000.0
1066,643700.0
1067,760000.0
1068,881000.0
1069,900000.0
1070,830000.0
1071,1126000.0
1072,1235000.0
1073,457000.0
1074,660000.0
1075,770000.0
1076,1350000.0
1077,820000.0
1078,991000.0
1079,657000.0
1080,710000.0
1081,840000.0
1082,1400000.0
1083,1080000.0
1084,1015000.0
1085,1245000.0
1086,1105000.0
1087,2920000.0
1088,540000.0
1089,726000.0
1090,1340000.0
1091,1105000.0
1092,841000.0
1093,528500.0
1094,410000.0
1095,550000.0
1096,470000.0
1097,640000.0
1098,720000.0
1099,1325000.0
1100,368000.0
1101,450000.0
1102,1385000.0
1103,990000.0
1104,606000.0
1105,450000.0
1106,1470000.0
1107,1010000.0
1108,1266000.0
1109,620000.0
1110,630000.0
1111,560000.0
1112,665500.0
1113,550055.0
1114,358000.0
1115,320000.0
1116,1000000.0
1117,598000.0
1118,885000.0
1119,587134.0
1120,1286000.0
1121,1200000.0
1122,1382500.0
1123,1600000.0
1124,1710000.0
1125,2000000.0
1126,583000.0
1127,650000.0
1128,1700000.0
1129,1575000.0
1130,950000.0
1131,1655000.0
1132,1255000.0
1133,1020000.0
1134,435000.0
1135,790000.0
1136,605000.0
1137,385000.0
1138,1190000.0
1139,865000.0
1140,2175000.0
1141,312000.0
1142,890000.0
1143,2700000.0
1144,1101000.0
1145,1050000.0
1146,1010000.0
1147,1900000.0
1148,888000.0
1149,1020000.0
1150,844000.0
1151,900000.0
1152,1300000.0
1153,810000.0
1154,701000.0
1155,665000.0
1156,2315000.0
1157,1170000.0
1158,1715000.0
1159,422000.0
1160,1474000.0
1161,1035000.0
1162,460000.0
1163,1760000.0
1164,1095000.0
1165,1225000.0
1166,1211000.0
1167,770000.0
1168,1000000.0
1169,1050000.0
1170,1700000.0
1171,2160000.0
1172,400000.0
1173,1420000.0
1174,1950000.0
1175,1820000.0
1176,1080000.0
1177,570000.0
1178,1340000.0
1179,2340000.0
1180,1634000.0
1181,910000.0
1182,1650000.0
1183,1510000.0
1184,865000.0
1185,476000.0
1186,706000.0
1187,920000.0
1188,522000.0
1189,690000.0
1190,770000.0
1191,1100000.0
1192,475000.0
1193,651000.0
1194,815500.0
1195,770000.0
1196,585500.0
1197,840000.0
1198,470000.0
1199,810000.0
1200,855333.0
1201,900000.0
1202,875000.0
1203,651000.0
1204,802000.0
1205,900000.0
1206,1000000.0
1207,801347.0
1208,921000.0
1209,1900000.0
1210,752500.0
1211,1067000.0
1212,1260500.0
1213,850500.0
1214,1068000.0
1215,937500.0
1216,1126000.0
1217,778000.0
1218,1230000.0
1219,1805000.0
1220,2200000.0
1221,1265000.0
1222,1928000.0
1223,526000.0
1224,2236000.0
1225,1403000.0
1226,1120000.0
1227,770000.0
1228,975000.0
1229,780000.0
1230,600000.0
1231,955000.0
1232,1196000.0
1233,731000.0
1234,585000.0
1235,480000.0
1236,605000.0
1237,738000.0
1238,386000.0
1239,452000.0
1240,522500.0
1241,741000.0
1242,530000.0
1243,815000.0
1244,775000.0
1245,950000.0
1246,900000.0
1247,835000.0
1248,790000.0
1249,810000.0
1250,500000.0
1251,485000.0
1252,488000.0
1253,900000.0
1254,680000.0
1255,590000.0
1256,770000.0
1257,975000.0
1258,970000.0
1259,600000.0
1260,510000.0
1261,750000.0
1262,822000.0
1263,430000.0
1264,1350000.0
1265,810000.0
1266,550500.0
1267,610000.0
1268,533000.0
1269,410000.0
1270,600000.0
1271,616000.0
1272,960000.0
1273,985000.0
1274,670000.0
1275,665000.0
1276,880000.0
1277,700000.0
1278,600000.0
1279,1570000.0
1280,525500.0
1281,612500.0
1282,248500.0
1283,960000.0
1284,650000.0
1285,500000.0
1286,599000.0
1287,1150000.0
1288,985000.0
1289,1200000.0
1290,2200000.0
1291,2105000.0
1292,550000.0
1293,1915000.0
1294,1630000.0
1295,1000000.0
1296,1470000.0
1297,725000.0
1298,1342000.0
1299,795000.0
1300,590000.0
1301,1100000.0
1302,1275000.0
1303,1000000.0
1304,1820000.0
1305,655000.0
1306,1350000.0
1307,1560000.0
1308,1060000.0
1309,1610000.0
1310,1101000.0
1311,880000.0
1312,1080000.0
1313,1115000.0
1314,516000.0
1315,1753000.0
1316,900000.0
1317,2350000.0
1318,1670000.0
1319,1402000.0
1320,3705000.0
1321,950000.0
1322,1350000.0
1323,735000.0
1324,400000.0
1325,900000.0
1326,1380000.0
1327,1080000.0
1328,342000.0
1329,950000.0
1330,781000.0
1331,549800.0
1332,492000.0
1333,500500.0
1334,1400000.0
1335,685000.0
1336,710000.0
1337,330000.0
1338,1245000.0
1339,1182500.0
1340,1303000.0
1341,482500.0
1342,585000.0
1343,1106000.0
1344,1590000.0
1345,1055000.0
1346,1100000.0
1347,530000.0
1348,1500000.0
1349,841000.0
1350,570000.0
1351,560000.0
1352,815000.0
1353,910000.0
1354,1450000.0
1355,1540000.0
1356,1811000.0
1357,1180000.0
1358,1720000.0
1359,1050000.0
1360,1582000.0
1361,681000.0
1362,1305000.0
1363,1255000.0
1364,2180000.0
1365,1720000.0
1366,1220000.0
1367,1612000.0
1368,1250000.0
1369,930000.0
1370,751000.0
1371,715000.0
1372,837000.0
1373,950000.0
1374,496000.0
1375,850000.0
1376,540000.0
1377,1150000.0
1378,615000.0
1379,735000.0
1380,810000.0
1381,600000.0
1382,1650000.0
1383,600000.0
1384,722000.0
1385,1260000.0
1386,485000.0
1387,690000.0
1388,1065000.0
1389,1200000.0
1390,530000.0
1391,900000.0
1392,700000.0
1393,920000.0
1394,980000.0
1395,886000.0
1396,1080000.0
1397,660000.0
1398,436000.0
1399,876000.0
1400,910000.0
1401,714000.0
1402,770000.0
1403,810000.0
1404,1127000.0
1405,780000.0
1406,986000.0
1407,760000.0
1408,1123000.0
1409,300000.0
1410,890000.0
1411,425000.0
1412,515000.0
1413,1040000.0
1414,890000.0
1415,790000.0
1416,860000.0
1417,630000.0
1418,875000.0
1419,923000.0
1420,920000.0
1421,871000.0
1422,950000.0
1423,870000.0
1424,1186000.0
1425,610000.0
1426,1162500.0
1427,1142500.0
1428,930000.0
1429,875000.0
1430,840000.0
1431,750000.0
1432,750000.0
1433,475000.0
1434,415000.0
1435,731000.0
1436,352000.0
1437,723000.0
1438,336000.0
1439,685000.0
1440,1025000.0
1441,490000.0
1442,805000.0
1443,1005000.0
1444,535000.0
1445,800000.0
1446,510000.0
1447,651000.0
1448,365000.0
1449,405000.0
1450,620500.0
1451,260000.0
1452,625000.0
1453,427500.0
1454,851000.0
1455,998000.0
1456,1030000.0
1457,410000.0
1458,1015000.0
1459,915000.0
1460,380000.0
1461,530000.0
1462,592000.0
1463,440000.0
1464,650000.0
1465,416000.0
1466,301000.0
1467,865000.0
1468,650000.0
1469,401000.0
1470,491000.0
1471,810000.0
1472,555000.0
1473,350000.0
1474,540000.0
1475,682000.0
1476,380000.0
1477,350000.0
1478,750000.0
1479,495000.0
1480,500000.0
1481,350000.0
1482,335000.0
1483,546000.0
1484,400000.0
1485,360000.0
1486,410000.0
1487,836000.0
1488,440000.0
1489,376000.0
1490,323000.0
1491,680000.0
1492,530000.0
1493,786000.0
1494,390000.0
1495,650000.0
1496,800000.0
1497,330000.0
1498,539000.0
1499,622500.0
1500,767500.0
1501,780000.0
1502,668000.0
1503,470000.0
1504,655000.0
1505,440000.0
1506,703000.0
1507,424000.0
1508,613000.0
1509,475000.0
1510,950000.0
1511,730000.0
1512,905000.0
1513,480000.0
1514,767000.0
1515,450000.0
1516,921500.0
1517,490000.0
1518,787000.0
1519,300000.0
1520,335000.0
1521,475000.0
1522,440000.0
1523,216000.0
1524,220000.0
1525,340000.0
1526,395000.0
1527,790000.0
1528,601000.0
1529,300000.0
1530,420000.0
1531,885000.0
1532,815000.0
1533,882500.0
1534,793000.0
1535,550000.0
1536,433000.0
1537,680000.0
1538,851000.0
1539,1186000.0
1540,885000.0
1541,718500.0
1542,762500.0
1543,610000.0
1544,680000.0
1545,390000.0
1546,937000.0
1547,1260000.0
1548,795250.0
1549,582000.0
1550,370000.0
1551,421000.0
1552,3200000.0
1553,479000.0
1554,655000.0
1555,561000.0
1556,635000.0
1557,1010000.0
1558,1025000.0
1559,550000.0
1560,1375000.0
1561,1506000.0
1562,1350000.0
1563,405000.0
1564,327000.0
1565,1474000.0
1566,1555000.0
1567,500000.0
1568,345000.0
1569,1275000.0
1570,1150000.0
1571,950000.0
1572,270000.0
1573,439000.0
1574,695000.0
1575,512000.0
1576,855000.0
1577,1040000.0
1578,342000.0
1579,681000.0
1580,900000.0
1581,1250000.0
1582,990000.0
1583,1189000.0
1584,1220000.0
1585,1100000.0
1586,450000.0
1587,1074000.0
1588,1430000.0
1589,1465000.0
1590,391000.0
1591,930000.0
1592,1182000.0
1593,777500.0
1594,1115000.0
1595,760000.0
1596,640000.0
1597,1420000.0
1598,390000.0
1599,380000.0
1600,680000.0
1601,1081000.0
1602,860000.0
1603,905000.0
1604,691000.0
1605,1088000.0
1606,911000.0
1607,3001000.0
1608,638000.0
1609,900000.0
1610,1695000.0
1611,1365000.0
1612,1045000.0
1613,1591000.0
1614,1275000.0
1615,1510000.0
1616,1550000.0
1617,1456000.0
1618,1100000.0
1619,1045000.0
1620,2000000.0
1621,646000.0
1622,660000.0
1623,1145000.0
1624,905000.0
1625,750000.0
1626,604000.0
1627,1645000.0
1628,306000.0
1629,1270000.0
1630,1850000.0
1631,1650000.0
1632,1320000.0
1633,1651000.0
1634,1800000.0
1635,791500.0
1636,1600000.0
1637,1200000.0
1638,1555000.0
1639,1582000.0
1640,2055000.0
1641,1345000.0
1642,410000.0
1643,696000.0
1644,1350000.0
1645,807000.0
1646,385000.0
1647,1150000.0
1648,1775000.0
1649,1270000.0
1650,827500.0
1651,560000.0
1652,790000.0
1653,1212500.0
1654,1125000.0
1655,1520000.0
1656,1101500.0
1657,1020000.0
1658,560000.0
1659,1050000.0
1660,531000.0
1661,620000.0
1662,780000.0
1663,821000.0
1664,915000.0
1665,890000.0
1666,430000.0
1667,1012000.0
1668,1020000.0
1669,1270000.0
1670,515000.0
1671,867000.0
1672,945000.0
1673,618000.0
1674,601000.0
1675,908000.0
1676,1145000.0
1677,970000.0
1678,1325000.0
1679,450000.0
1680,1330000.0
1681,1075000.0
1682,1350000.0
1683,1201000.0
1684,990000.0
1685,720000.0
1686,880000.0
1687,920000.0
1688,1395000.0
1689,965000.0
1690,920000.0
1691,875000.0
1692,822500.0
1693,1080000.0
1694,1275000.0
1695,955000.0
1696,1455000.0
1697,533000.0
1698,970000.0
1699,355000.0
1700,1032000.0
1701,1270000.0
1702,815000.0
1703,593000.0
1704,1600000.0
1705,1620000.0
1706,1270000.0
1707,2633000.0
1708,1405000.0
1709,2260000.0
1710,1595000.0
1711,595000.0
1712,490000.0
1713,1250000.0
1714,2180000.0
1715,930000.0
1716,1200000.0
1717,2000000.0
1718,2000000.0
1719,1050000.0
1720,1250000.0
1721,1650000.0
1722,561000.0
1723,1825000.0
1724,1200000.0
1725,1390000.0
1726,1615000.0
1727,2300000.0
1728,742000.0
1729,2075000.0
1730,722000.0
1731,850000.0
1732,1230000.0
1733,535000.0
1734,990000.0
1735,695000.0
1736,775000.0
1737,572000.0
1738,1460000.0
1739,623500.0
1740,409000.0
1741,1250000.0
1742,659000.0
1743,780000.0
1744,1455000.0
1745,360500.0
1746,380000.0
1747,5700000.0
1748,515000.0
1749,2695000.0
1750,310000.0
1751,627500.0
1752,425000.0
1753,330000.0
1754,693000.0
1755,2285000.0
1756,3000000.0
1757,515000.0
1758,600000.0
1759,2600000.0
1760,320000.0
1761,400000.0
1762,1810000.0
1763,567500.0
1764,540000.0
1765,2010000.0
1766,1945000.0
1767,906000.0
1768,367000.0
1769,1130000.0
1770,500000.0
1771,310000.0
1772,1100000.0
1773,410000.0
1774,1125000.0
1775,840000.0
1776,1400000.0
1777,680500.0
1778,280000.0
1779,520000.0
1780,1200000.0
1781,480000.0
1782,2200000.0
1783,1700000.0
1784,1200000.0
1785,1540000.0
1786,826000.0
1787,1700000.0
1788,505000.0
1789,720000.0
1790,868000.0
1791,530000.0
1792,650000.0
1793,990000.0
1794,592500.0
1795,600000.0
1796,455000.0
1797,1250000.0
1798,425000.0
1799,740000.0
1800,660000.0
1801,622500.0
1802,800000.0
1803,540000.0
1804,370000.0
1805,855000.0
1806,832500.0
1807,850000.0
1808,1080000.0
1809,927000.0
1810,850000.0
1811,831000.0
1812,840000.0
1813,1315000.0
1814,1161000.0
1815,1016000.0
1816,690000.0
1817,1070000.0
1818,871500.0
1819,380000.0
1820,430000.0
1821,602000.0
1822,575000.0
1823,495000.0
1824,500000.0
1825,1891000.0
1826,2000000.0
1827,1500000.0
1828,2000000.0
1829,500000.0
1830,685000.0
1831,380000.0
1832,616000.0
1833,400000.0
1834,451000.0
1835,1400000.0
1836,459000.0
1837,520000.0
1838,370500.0
1839,5046000.0
1840,385000.0
1841,1900000.0
1842,390000.0
1843,430000.0
1844,392000.0
1845,1900000.0
1846,540000.0
1847,475000.0
1848,570000.0
1849,400000.0
1850,920000.0
1851,503500.0
1852,580000.0
1853,1295000.0
1854,481000.0
1855,1120000.0
1856,400000.0
1857,1210000.0
1858,785000.0
1859,450000.0
1860,875000.0
1861,650000.0
1862,431000.0
1863,385000.0
1864,575000.0
1865,4400000.0
1866,535000.0
1867,1200500.0
1868,565000.0
1869,520000.0
1870,902000.0
1871,1600000.0
1872,750000.0
1873,1365000.0
1874,1950000.0
1875,1678000.0
1876,400000.0
1877,500000.0
1878,760000.0
1879,580000.0
1880,430000.0
1881,1100000.0
1882,435000.0
1883,354000.0
1884,1025000.0
1885,1430000.0
1886,1330000.0
1887,1635000.0
1888,1194000.0
1889,1440000.0
1890,1300000.0
1891,850000.0
1892,1150000.0
1893,910000.0
1894,1430000.0
1895,622500.0
1896,1500000.0
1897,1280000.0
1898,1485000.0
1899,1080000.0
1900,1715000.0
1901,2650000.0
1902,630000.0
1903,1370000.0
1904,800000.0
1905,950000.0
1906,780000.0
1907,1350500.0
1908,745000.0
1909,657500.0
1910,1030000.0
1911,460000.0
1912,490000.0
1913,890000.0
1914,425000.0
1915,715000.0
1916,816000.0
1917,425500.0
1918,610000.0
1919,600000.0
1920,611000.0
1921,670000.0
1922,605000.0
1923,930000.0
1924,880000.0
1925,570000.0
1926,700000.0
1927,625000.0
1928,695000.0
1929,910000.0
1930,607000.0
1931,679500.0
1932,500000.0
1933,895000.0
1934,410000.0
1935,635000.0
1936,480000.0
1937,435000.0
1938,560000.0
1939,626800.0
1940,571500.0
1941,605000.0
1942,600000.0
1943,650000.0
1944,736000.0
1945,735000.0
1946,700000.0
1947,1190000.0
1948,591000.0
1949,665000.0
1950,620000.0
1951,503000.0
1952,1000000.0
1953,560000.0
1954,615000.0
1955,450000.0
1956,680000.0
1957,620000.0
1958,545000.0
1959,621000.0
1960,687000.0
1961,485000.0
1962,510000.0
1963,500000.0
1964,480000.0
1965,621000.0
1966,690000.0
1967,547500.0
1968,280000.0
1969,555000.0
1970,600000.0
1971,622500.0
1972,350000.0
1973,657000.0
1974,682000.0
1975,520000.0
1976,470000.0
1977,586000.0
1978,305000.0
1979,705000.0
1980,645000.0
1981,500000.0
1982,510000.0
1983,750500.0
1984,451000.0
1985,2440000.0
1986,1110000.0
1987,2128000.0
1988,2200000.0
1989,640000.0
1990,1700000.0
1991,2500000.0
1992,2200000.0
1993,2860000.0
1994,1930000.0
1995,1812500.0
1996,760000.0
1997,1300000.0
1998,1960000.0
1999,2630000.0
2000,880000.0
2001,1755000.0
2002,1700000.0
2003,1975000.0
2004,610000.0
2005,1850000.0
2006,2050000.0
2007,2100000.0
2008,1150000.0
2009,770500.0
2010,600000.0
2011,2125000.0
2012,656000.0
2013,1518000.0
2014,1560000.0
2015,865000.0
2016,2160000.0
2017,2300000.0
2018,600000.0
2019,2180000.0
2020,1251000.0
2021,1650000.0
2022,1835000.0
2023,778500.0
2024,1201000.0
2025,1165000.0
2026,742500.0
2027,1101000.0
2028,1200000.0
2029,990000.0
2030,1500000.0
2031,1290000.0
2032,790000.0
2033,950000.0
2034,1421000.0
2035,1051000.0
2036,1710000.0
2037,1280000.0
2038,750000.0
2039,1000000.0
2040,678000.0
2041,1010000.0
2042,1210000.0
2043,945000.0
2044,725000.0
2045,1211000.0
2046,1100000.0
2047,1002000.0
2048,1209000.0
2049,2080000.0
2050,1118000.0
2051,903000.0
2052,1220000.0
2053,1650000.0
2054,1182500.0
2055,1020000.0
2056,650000.0
2057,1509000.0
2058,517500.0
2059,370000.0
2060,805000.0
2061,1428888.0
2062,940000.0
2063,270000.0
2064,365000.0
2065,525500.0
2066,944000.0
2067,887000.0
2068,701000.0
2069,1110000.0
2070,332000.0
2071,1265000.0
2072,1085000.0
2073,898000.0
2074,1235000.0
2075,910500.0
2076,995000.0
2077,760000.0
2078,505000.0
2079,1400000.0
2080,1110000.0
2081,1200000.0
2082,450000.0
2083,874000.0
2084,1427000.0
2085,383000.0
2086,1290000.0
2087,450000.0
2088,438000.0
2089,1250000.0
2090,1070000.0
2091,1570000.0
2092,486000.0
2093,1211000.0
2094,1280000.0
2095,1478000.0
2096,1913000.0
2097,928500.0
2098,432500.0
2099,330000.0
2100,1370000.0
2101,303500.0
2102,1160000.0
2103,1380000.0
2104,1435000.0
2105,5500000.0
2106,5500000.0
2107,1689000.0
2108,1100000.0
2109,925000.0
2110,450000.0
2111,349000.0
2112,2650000.0
2113,2820000.0
2114,810000.0
2115,2840000.0
2116,2700000.0
2117,6250000.0
2118,4500000.0
2119,541000.0
2120,1550000.0
2121,2205000.0
2122,950000.0
2123,366000.0
2124,2620000.0
2125,1900000.0
2126,4000000.0
2127,4200000.0
2128,690000.0
2129,511000.0
2130,910000.0
2131,2250000.0
2132,525000.0
2133,3270000.0
2134,960000.0
2135,1010000.0
2136,880000.0
2137,770000.0
2138,730000.0
2139,1005000.0
2140,555000.0
2141,546000.0
2142,765000.0
2143,920000.0
2144,1025000.0
2145,895000.0
2146,820000.0
2147,870000.0
2148,1050000.0
2149,660000.0
2150,581000.0
2151,600000.0
2152,690000.0
2153,582000.0
2154,740000.0
2155,671000.0
2156,741000.0
2157,537000.0
2158,1040000.0
2159,1171000.0
2160,662000.0
2161,922000.0
2162,860500.0
2163,702000.0
2164,627500.0
2165,549000.0
2166,701000.0
2167,645000.0
2168,1010000.0
2169,1260000.0
2170,460000.0
2171,2370000.0
2172,800000.0
2173,550000.0
2174,660000.0
2175,1055000.0
2176,995000.0
2177,443000.0
2178,1120000.0
2179,482000.0
2180,620000.0
2181,601000.0
2182,1400000.0
2183,1535000.0
2184,890000.0
2185,1800000.0
2186,2910000.0
2187,2910000.0
2188,1200000.0
2189,1460000.0
2190,310000.0
2191,1200000.0
2192,1560000.0
2193,1575000.0
2194,830000.0
2195,1470000.0
2196,2230000.0
2197,1460000.0
2198,1330000.0
2199,1010000.0
2200,513500.0
2201,1805000.0
2202,1126000.0
2203,935000.0
2204,375000.0
2205,2050000.0
2206,1310000.0
2207,491500.0
2208,547500.0
2209,1210000.0
2210,412000.0
2211,1630000.0
2212,1482500.0
2213,1300000.0
2214,2255000.0
2215,1710000.0
2216,2440000.0
2217,380000.0
2218,367500.0
2219,1225000.0
2220,580000.0
2221,2302000.0
2222,611000.0
2223,800000.0
2224,275000.0
2225,1540000.0
2226,1370000.0
2227,452000.0
2228,501000.0
2229,380000.0
2230,1177000.0
2231,600000.0
2232,1500000.0
2233,830000.0
2234,1200000.0
2235,600000.0
2236,474000.0
2237,1350000.0
2238,1910000.0
2239,915000.0
2240,810000.0
2241,753000.0
2242,602500.0
2243,742000.0
2244,953000.0
2245,650000.0
2246,731000.0
2247,710000.0
2248,936000.0
2249,721000.0
2250,1000000.0
2251,890000.0
2252,1165000.0
2253,1550000.0
2254,770000.0
2255,871000.0
2256,780000.0
2257,650000.0
2258,770000.0
2259,1235000.0
2260,1000000.0
2261,1320000.0
2262,1100000.0
2263,782000.0
2264,910000.0
2265,856000.0
2266,670000.0
2267,706000.0
2268,1050000.0
2269,1320000.0
2270,1815000.0
2271,630000.0
2272,1870000.0
2273,1930000.0
2274,510000.0
2275,381000.0
2276,1040000.0
2277,470000.0
2278,501344.0
2279,796000.0
2280,1055000.0
2281,620000.0
2282,345000.0
2283,950000.0
2284,1200000.0
2285,1005000.0
2286,1340000.0
2287,865000.0
2288,781500.0
2289,1401000.0
2290,630000.0
2291,1137500.0
2292,1158000.0
2293,955000.0
2294,1081000.0
2295,725000.0
2296,767000.0
2297,1450000.0
2298,1430000.0
2299,1275000.0
2300,1606000.0
2301,780000.0
2302,670000.0
2303,1380000.0
2304,480500.0
2305,1520000.0
2306,1287000.0
2307,800000.0
2308,1460000.0
2309,840000.0
2310,900500.0
2311,940000.0
2312,380000.0
2313,1646000.0
2314,470000.0
2315,1346000.0
2316,935000.0
2317,3900000.0
2318,1150000.0
2319,1720000.0
2320,1705000.0
2321,1190000.0
2322,1740000.0
2323,1200000.0
2324,726000.0
2325,1300000.0
2326,670000.0
2327,1350000.0
2328,773000.0
2329,645000.0
2330,720000.0
2331,625000.0
2332,1310000.0
2333,856000.0
2334,580000.0
2335,940000.0
2336,1495000.0
2337,1550000.0
2338,1815000.0
2339,1625000.0
2340,899000.0
2341,435000.0
2342,1080000.0
2343,656000.0
2344,1574000.0
2345,665000.0
2346,590000.0
2347,1679000.0
2348,1050000.0
2349,825000.0
2350,998000.0
2351,1010000.0
2352,1050000.0
2353,1600000.0
2354,1325000.0
2355,1335000.0
2356,805000.0
2357,1231010.0
2358,881000.0
2359,1202500.0
2360,1435000.0
2361,860000.0
2362,1590000.0
2363,610250.0
2364,720000.0
2365,840000.0
2366,705000.0
2367,1630100.0
2368,500000.0
2369,1010000.0
2370,1170000.0
2371,600000.0
2372,1616000.0
2373,589000.0
2374,1117000.0
2375,1935000.0
2376,700000.0
2377,750000.0
2378,1422000.0
2379,1345000.0
2380,787500.0
2381,652500.0
2382,1300000.0
2383,730000.0
2384,1300000.0
2385,970000.0
2386,1115000.0
2387,333000.0
2388,455000.0
2389,378000.0
2390,585000.0
2391,615000.0
2392,526000.0
2393,540000.0
2394,540000.0
2395,625000.0
2396,681000.0
2397,640000.0
2398,783000.0
2399,635000.0
2400,619000.0
2401,460000.0
2402,751000.0
2403,609000.0
2404,752500.0
2405,650000.0
2406,750000.0
2407,527000.0
2408,515000.0
2409,617000.0
2410,540000.0
2411,631000.0
2412,640000.0
2413,575000.0
2414,562000.0
2415,620000.0
2416,652500.0
2417,1010000.0
2418,492000.0
2419,422500.0
2420,1865000.0
2421,1700000.0
2422,1450000.0
2423,1110000.0
2424,3100000.0
2425,555000.0
2426,1700000.0
2427,1585000.0
2428,935000.0
2429,460000.0
2430,2800000.0
2431,573000.0
2432,680000.0
2433,2250000.0
2434,2381000.0
2435,1738000.0
2436,735000.0
2437,1420000.0
2438,400000.0
2439,1335000.0
2440,1825000.0
2441,840000.0
2442,3500000.0
2443,444000.0
2444,1320000.0
2445,1890000.0
2446,2450000.0
2447,1590000.0
2448,2450000.0
2449,706000.0
2450,2500000.0
2451,2350000.0
2452,1385000.0
2453,655250.0
2454,1666000.0
2455,430000.0
2456,505000.0
2457,1650000.0
2458,371000.0
2459,1625000.0
2460,975000.0
2461,546500.0
2462,1220000.0
2463,550000.0
2464,705000.0
2465,490000.0
2466,1110000.0
2467,540000.0
2468,750000.0
2469,1401000.0
2470,1195000.0
2471,690000.0
2472,1375000.0
2473,1400000.0
2474,475000.0
2475,1030000.0
2476,1125000.0
2477,3850000.0
2478,1605000.0
2479,470000.0
2480,1740000.0
2481,1660000.0
2482,2200000.0
2483,1875000.0
2484,1797000.0
2485,1050000.0
2486,551000.0
2487,350000.0
2488,425000.0
2489,600000.0
2490,460000.0
2491,611000.0
2492,495000.0
2493,472500.0
2494,480000.0
2495,980000.0
2496,610000.0
2497,607500.0
2498,677200.0
2499,1155000.0
2500,817000.0
2501,1035000.0
2502,677500.0
2503,760000.0
2504,730000.0
2505,440000.0
2506,685000.0
2507,210000.0
2508,1340000.0
2509,925000.0
2510,1275000.0
2511,925000.0
2512,1336000.0
2513,200000.0
2514,1100000.0
2515,1160000.0
2516,820000.0
2517,740000.0
2518,975000.0
2519,1060000.0
2520,680000.0
2521,1430000.0
2522,1370000.0
2523,605000.0
2524,1610000.0
2525,256500.0
2526,1300000.0
2527,835000.0
2528,861500.0
2529,500000.0
2530,1400000.0
2531,603000.0
2532,1100000.0
2533,1090000.0
2534,1800000.0
2535,745500.0
2536,1401000.0
2537,2250000.0
2538,1715000.0
2539,250000.0
2540,1920000.0
2541,1918000.0
2542,900000.0
2543,1770000.0
2544,1250000.0
2545,822500.0
2546,810000.0
2547,1322000.0
2548,1845000.0
2549,1535000.0
2550,2005000.0
2551,932000.0
2552,1500000.0
2553,1390000.0
2554,940000.0
2555,296000.0
2556,475000.0
2557,820000.0
2558,940000.0
2559,1470000.0
2560,430000.0
2561,362000.0
2562,410000.0
2563,1177000.0
2564,617500.0
2565,405000.0
2566,1020000.0
2567,912500.0
2568,710000.0
2569,837000.0
2570,850000.0
2571,520000.0
2572,347000.0
2573,438000.0
2574,415000.0
2575,723000.0
2576,530000.0
2577,967000.0
2578,840000.0
2579,910000.0
2580,820000.0
2581,756000.0
2582,620000.0
2583,875000.0
2584,830000.0
2585,545000.0
2586,913000.0
2587,850000.0
2588,770000.0
2589,495000.0
2590,1575000.0
2591,288000.0
2592,1151500.0
2593,860000.0
2594,805000.0
2595,450000.0
2596,420000.0
2597,878000.0
2598,765000.0
2599,730000.0
2600,730000.0
2601,593000.0
2602,816000.0
2603,600000.0
2604,600000.0
2605,185000.0
2606,319000.0
2607,560000.0
2608,840000.0
2609,507000.0
2610,1160000.0
2611,1330000.0
2612,636500.0
2613,2575000.0
2614,710000.0
2615,640000.0
2616,305000.0
2617,400000.0
2618,880000.0
2619,1045000.0
2620,690000.0
2621,1050000.0
2622,865000.0
2623,1033000.0
2624,750000.0
2625,1025000.0
2626,633500.0
2627,1180000.0
2628,1225000.0
2629,1600000.0
2630,755000.0
2631,520000.0
2632,1000000.0
2633,425000.0
2634,1280000.0
2635,1475000.0
2636,1015000.0
2637,930000.0
2638,1900000.0
2639,662500.0
2640,1010000.0
2641,1300000.0
2642,1300000.0
2643,930000.0
2644,650000.0
2645,985000.0
2646,915000.0
2647,508000.0
2648,420000.0
2649,506000.0
2650,380000.0
2651,611000.0
2652,1260000.0
2653,931999.0
2654,1257000.0
2655,1562000.0
2656,1740000.0
2657,315000.0
2658,1335000.0
2659,1415000.0
2660,720000.0
2661,380000.0
2662,501000.0
2663,722000.0
2664,746000.0
2665,455000.0
2666,600000.0
2667,575000.0
2668,566000.0
2669,1250000.0
2670,393000.0
2671,595000.0
2672,2200000.0
2673,1908000.0
2674,1300000.0
2675,470000.0
2676,1740000.0
2677,1700000.0
2678,1100000.0
2679,2150000.0
2680,1190000.0
2681,916000.0
2682,910000.0
2683,480000.0
2684,852000.0
2685,405000.0
2686,2100000.0
2687,1435000.0
2688,1020000.0
2689,2250000.0
2690,900000.0
2691,1495000.0
2692,822000.0
2693,890000.0
2694,765000.0
2695,1300000.0
2696,760000.0
2697,1900000.0
2698,700000.0
2699,1890000.0
2700,1725000.0
2701,894000.0
2702,1375000.0
2703,725000.0
2704,1515000.0
2705,986000.0
2706,1225000.0
2707,810000.0
2708,535000.0
2709,1292000.0
2710,959000.0
2711,780000.0
2712,1760000.0
2713,2080000.0
2714,610000.0
2715,760000.0
2716,441700.0
2717,1000000.0
2718,2575000.0
2719,2900000.0
2720,2225000.0
2721,975000.0
2722,4225000.0
2723,2100000.0
2724,520000.0
2725,2000000.0
2726,1990000.0
2727,3025000.0
2728,1221000.0
2729,2140000.0
2730,1635000.0
2731,1700000.0
2732,1900000.0
2733,972000.0
2734,1652000.0
2735,735000.0
2736,1210000.0
2737,528000.0
2738,1115000.0
2739,320000.0
2740,1260000.0
2741,1210000.0
2742,1385000.0
2743,981000.0
2744,418000.0
2745,585000.0
2746,1900000.0
2747,884000.0
2748,480000.0
2749,1310000.0
2750,1283000.0
2751,1015000.0
2752,435000.0
2753,835000.0
2754,1500000.0
2755,407500.0
2756,825000.0
2757,645000.0
2758,1220000.0
2759,1100000.0
2760,670000.0
2761,640000.0
2762,545000.0
2763,1205000.0
2764,860000.0
2765,599900.0
2766,910000.0
2767,1100000.0
2768,1730000.0
2769,1591000.0
2770,975000.0
2771,1815000.0
2772,1590000.0
2773,1601000.0
2774,1225000.0
2775,1930000.0
2776,2216000.0
2777,2110000.0
2778,1900000.0
2779,1620000.0
2780,3550000.0
2781,1905000.0
2782,2990000.0
2783,835000.0
2784,8000000.0
2785,3450000.0
2786,635000.0
2787,305000.0
2788,1200000.0
2789,945000.0
2790,1667000.0
2791,330000.0
2792,577000.0
2793,305000.0
2794,742500.0
2795,630000.0
2796,1350000.0
2797,490000.0
2798,701000.0
2799,905000.0
2800,988000.0
2801,820000.0
2802,1500000.0
2803,641000.0
2804,1250000.0
2805,1652500.0
2806,465000.0
2807,495000.0
2808,930000.0
2809,781000.0
2810,677776.0
2811,680000.0
2812,824000.0
2813,1500000.0
2814,1005000.0
2815,901000.0
2816,990000.0
2817,1455000.0
2818,1250000.0
2819,1790000.0
2820,650000.0
2821,720000.0
2822,720000.0
2823,535000.0
2824,945000.0
2825,888000.0
2826,1000000.0
2827,1350000.0
2828,1300000.0
2829,1400000.0
2830,1100000.0
2831,1355000.0
2832,1652000.0
2833,1131000.0
2834,310000.0
2835,700000.0
2836,610000.0
2837,960000.0
2838,426500.0
2839,676000.0
2840,1500000.0
2841,660000.0
2842,741000.0
2843,532000.0
2844,1000000.0
2845,328000.0
2846,543500.0
2847,330000.0
2848,846000.0
2849,1055000.0
2850,1250000.0
2851,953000.0
2852,603000.0
2853,940000.0
2854,1550000.0
2855,500000.0
2856,450000.0
2857,390000.0
2858,1085000.0
2859,1060000.0
2860,917000.0
2861,885000.0
2862,485000.0
2863,760000.0
2864,871000.0
2865,882000.0
2866,895000.0
2867,260000.0
2868,1452000.0
2869,1800000.0
2870,1253000.0
2871,1760000.0
2872,3310000.0
2873,1601000.0
2874,910000.0
2875,780000.0
2876,420000.0
2877,895000.0
2878,885000.0
2879,597500.0
2880,822000.0
2881,645000.0
2882,595000.0
2883,1050000.0
2884,705000.0
2885,590000.0
2886,680000.0
2887,935000.0
2888,740000.0
2889,837000.0
2890,2500000.0
2891,860000.0
2892,1700000.0
2893,535000.0
2894,635000.0
2895,317500.0
2896,360000.0
2897,1800000.0
2898,275000.0
2899,1525000.0
2900,560000.0
2901,1264000.0
2902,3600000.0
2903,1405000.0
2904,555000.0
2905,1271000.0
2906,665000.0
2907,575000.0
2908,706000.0
2909,657000.0
2910,630000.0
2911,650000.0
2912,855000.0
2913,613000.0
2914,640000.0
2915,1340000.0
2916,1410000.0
2917,1650000.0
2918,1851000.0
2919,2325000.0
2920,2400000.0
2921,646000.0
2922,843000.0
2923,835000.0
2924,635000.0
2925,745000.0
2926,941000.0
2927,3800000.0
2928,752000.0
2929,690000.0
2930,2600000.0
2931,4515000.0
2932,820000.0
2933,835000.0
2934,590000.0
2935,1402000.0
2936,1190000.0
2937,1205000.0
2938,860000.0
2939,472500.0
2940,675000.0
2941,405000.0
2942,930000.0
2943,365000.0
2944,2250000.0
2945,2250000.0
2946,3200000.0
2947,2020000.0
2948,1211000.0
2949,1380000.0
2950,1715157.0
2951,1220000.0
2952,1620000.0
2953,1190000.0
2954,1850000.0
2955,333000.0
2956,452000.0
2957,275000.0
2958,683000.0
2959,640000.0
2960,2100000.0
2961,439000.0
2962,1040000.0
2963,1670000.0
2964,1940000.0
2965,560000.0
2966,1515000.0
2967,2300000.0
2968,970000.0
2969,1070000.0
2970,542000.0
2971,1240000.0
2972,955000.0
2973,1656000.0
2974,582000.0
2975,1255000.0
2976,535000.0
2977,586000.0
2978,1230000.0
2979,1560000.0
2980,975000.0
2981,1820000.0
2982,900000.0
2983,956000.0
2984,1650000.0
2985,2337000.0
2986,1075000.0
2987,810000.0
2988,510000.0
2989,325000.0
2990,800000.0
2991,500000.0
2992,680000.0
2993,1300000.0
2994,995000.0
2995,1750000.0
2996,1050000.0
2997,1235000.0
2998,600000.0
2999,601000.0
3000,755000.0
3001,648000.0
3002,1615000.0
3003,655000.0
3004,1351000.0
3005,1600000.0
3006,1840000.0
3007,2250000.0
3008,437500.0
3009,960000.0
3010,1425000.0
3011,2790000.0
3012,755000.0
3013,999000.0
3014,800000.0
3015,770000.0
3016,585000.0
3017,708000.0
3018,427500.0
3019,560000.0
3020,520000.0
3021,958000.0
3022,1400000.0
3023,520000.0
3024,801000.0
3025,2400000.0
3026,575000.0
3027,2700000.0
3028,600000.0
3029,1030000.0
3030,645000.0
3031,550000.0
3032,630000.0
3033,685000.0
3034,860000.0
3035,1190000.0
3036,1121000.0
3037,917500.0
3038,800000.0
3039,1075000.0
3040,1000000.0
3041,910000.0
3042,690000.0
3043,1100000.0
3044,385000.0
3045,595000.0
3046,905000.0
3047,845000.0
3048,815000.0
3049,770000.0
3050,610000.0
3051,861500.0
3052,801000.0
3053,490000.0
3054,605000.0
3055,652000.0
3056,375000.0
3057,505000.0
3058,950000.0
3059,1226000.0
3060,1214000.0
3061,790000.0
3062,1090000.0
3063,1785000.0
3064,560000.0
3065,1050000.0
3066,1052000.0
3067,3000000.0
3068,1330000.0
3069,615000.0
3070,665000.0
3071,2240000.0
3072,460000.0
3073,650000.0
3074,1100000.0
3075,1820000.0
3076,680000.0
3077,710000.0
3078,1214000.0
3079,485000.0
3080,1710000.0
3081,792500.0
3082,390500.0
3083,610500.0
3084,1120000.0
3085,1077000.0
3086,1301000.0
3087,1440000.0
3088,1000000.0
3089,1190000.0
3090,482000.0
3091,810000.0
3092,1021000.0
3093,910000.0
3094,940000.0
3095,726000.0
3096,990000.0
3097,710000.0
3098,840000.0
3099,775000.0
3100,490000.0
3101,716000.0
3102,515000.0
3103,530000.0
3104,685000.0
3105,521000.0
3106,571000.0
3107,825000.0
3108,1525000.0
3109,1260000.0
3110,2360000.0
3111,1250000.0
3112,1600000.0
3113,2370000.0
3114,1195000.0
3115,716000.0
3116,998000.0
3117,600000.0
3118,1346000.0
3119,1275000.0
3120,880000.0
3121,960000.0
3122,1260000.0
3123,1100000.0
3124,1155000.0
3125,826000.0
3126,761000.0
3127,932500.0
3128,1435000.0
3129,470000.0
3130,502000.0
3131,580000.0
3132,970000.0
3133,1325000.0
3134,266000.0
3135,888000.0
3136,935000.0
3137,2165000.0
3138,1245000.0
3139,2075000.0
3140,543000.0
3141,1150000.0
3142,2040000.0
3143,465000.0
3144,550000.0
3145,1200000.0
3146,990000.0
3147,2035000.0
3148,935000.0
3149,892000.0
3150,985500.0
3151,650000.0
3152,397000.0
3153,650000.0
3154,750000.0
3155,970000.0
3156,1256000.0
3157,1120000.0
3158,1425000.0
3159,872500.0
3160,1455000.0
3161,331000.0
3162,950000.0
3163,1000000.0
3164,870000.0
3165,1050000.0
3166,1242000.0
3167,1165000.0
3168,720000.0
3169,510000.0
3170,480000.0
3171,800000.0
3172,420000.0
3173,580000.0
3174,200000.0
3175,600000.0
3176,1480000.0
3177,2220000.0
3178,1680000.0
3179,1005000.0
3180,960000.0
3181,995000.0
3182,490000.0
3183,1750000.0
3184,740000.0
3185,632500.0
3186,1260000.0
3187,1520000.0
3188,800000.0
3189,500000.0
3190,490000.0
3191,1291000.0
3192,1100000.0
3193,1350000.0
3194,1350000.0
3195,680000.0
3196,990000.0
3197,970000.0
3198,485000.0
3199,773000.0
3200,425000.0
3201,535000.0
3202,500000.0
3203,525000.0
3204,917500.0
3205,902500.0
3206,1300000.0
3207,2250000.0
3208,742500.0
3209,860000.0
3210,2161000.0
3211,1485000.0
3212,940000.0
3213,770000.0
3214,1410000.0
3215,1042500.0
3216,595000.0
3217,580000.0
3218,580000.0
3219,380000.0
3220,1100000.0
3221,660000.0
3222,655000.0
3223,840000.0
3224,1010000.0
3225,1320000.0
3226,670000.0
3227,1070000.0
3228,1575000.0
3229,720000.0
3230,1045000.0
3231,585000.0
3232,854000.0
3233,350000.0
3234,1060000.0
3235,450000.0
3236,488000.0
3237,1013000.0
3238,360000.0
3239,640000.0
3240,570000.0
3241,900000.0
3242,1275000.0
3243,640000.0
3244,1045000.0
3245,1220000.0
3246,840000.0
3247,2650000.0
3248,380000.0
3249,1731000.0
3250,465000.0
3251,518500.0
3252,535000.0
3253,630000.0
3254,677000.0
3255,1320000.0
3256,816000.0
3257,350000.0
3258,950000.0
3259,900000.0
3260,922000.0
3261,665000.0
3262,515500.0
3263,660000.0
3264,932000.0
3265,570000.0
3266,627000.0
3267,621000.0
3268,1856000.0
3269,2705000.0
3270,530500.0
3271,805000.0
3272,940000.0
3273,437000.0
3274,291000.0
3275,750000.0
3276,2200000.0
3277,1350000.0
3278,1852000.0
3279,170000.0
3280,611000.0
3281,755000.0
3282,521000.0
3283,500000.0
3284,525000.0
3285,695000.0
3286,1210000.0
3287,1000000.0
3288,2900000.0
